<?xml version="1.0" encoding="UTF-8"?>
<project-private xmlns="http://www.netbeans.org/ns/project-private/1">
    <editor-bookmarks xmlns="http://www.netbeans.org/ns/editor-bookmarks/2" lastBookmarkId="0"/>
    <open-files xmlns="http://www.netbeans.org/ns/projectui-open-files/2">
        <group>

            <file>file:/C:/xampp/htdocs/familias/db/user/error_log</file>
            <file>file:/C:/xampp/htdocs/familias/mod_1/1-08_sld.php</file>
            <file>file:/C:/xampp/htdocs/familias/mod_1/1-04_inf.php</file>
            <file>file:/C:/xampp/htdocs/familias/mod_1/1-03_act/1-03_act_01.php</file>
            <file>file:/C:/xampp/htdocs/familias/footer.php</file>
            <file>file:/C:/xampp/htdocs/familias/header.php</file>
            <file>file:/C:/xampp/htdocs/familias/mod_1/1-02_inf.php</file>
            <file>file:/C:/xampp/htdocs/familias/db/user/login_user.php</file>
            <file>file:/C:/xampp/htdocs/familias/index.php</file>
            <file>file:/C:/xampp/htdocs/familias/0-03_menu.php</file>

        </group>
    </open-files>
</project-private>
